/amahj-discount-code	amahjline.com
/amanda-toppe-discount-code	www.amandatoppeart.com
/anders-ruff-discount-code	shop.andersruff.com
/bam-bird-boutique-discount-code	www.bambirdboutique.com
/bam-lets-mahjong-discount-code	www.bamletsmahjong.com
/bespoke-mahjong-discount-code	www.bespokemahjong.com
/bird-and-bamboo-discount-code	birdandbamboo.com
/britt-mills-discount-code	brittmillsdesign.com
/charleston-mahjong-club-discount-code	www.charlestonmahjongclub.com
/hip-hip-mahjong-discount-code	www.hiphipmahjong.com
/i-love-mahj-discount-code	www.ilovemahj.com
/lets-mahj-on-discount-code	www.letsmahj-on.com
/mac-and-miller-mahjong-discount-code	www.macandmillermahjong.com
/mahj-and-vine-discount-code	mahjandvine.com
/mahj-mood-discount-code	mahjmood.com
/mahj-squad-discount-code	mahjsquadshop.com
/mahjong-co-discount-code	mahjongco.com?sca_ref=10562574.vUD4JwHzITqzZp4
/mahjong-row-and-co-discount-code	mahjongrowandco.com
/mahjong-studios-discount-code	mahjongstudios.com
/middle-and-main-mahjong-discount-code	www.middleandmainmahjong.com
/mini-mahjer-discount-code	minimahjer.com
/miss-mahjong-discount-code	missmahjong.com
/my-fair-mahjong-discount-code	myfairmahjong.com
/oh-my-mahjong-discount-code	www.ohmymahjong.com
/peace-love-mahjong-discount-code	peacelovemahjong.com
/splash-of-color-discount-code	splashofcolorco.com
/the-mahjong-press-discount-code	themahjongpress.com
/tigre-de-tartan-discount-code	tigredetartan.com
/virora-mahjong-discount-code	www.viroramahjong.com
/wren-mats-discount-code	www.wrenmats.com
/yellow-mountain-imports-discount-code	www.ymimports.com
