/amahj-discount-code	https://amahjline.com/
/amanda-toppe-discount-code	https://www.amandatoppeart.com/mahjong?ref=mahjmatchmaker
/anders-ruff-discount-code	https://shop.andersruff.com/?sca_ref=12490265.xTtN8oMUj9qSk1
/bam-bird-boutique-discount-code	https://www.bambirdboutique.com/?sca_ref=10069575.cf1ZUJEgbaOpCDgy
/bam-lets-mahjong-discount-code	https://www.bamletsmahjong.com/
/bespoke-mahjong-discount-code	https://www.bespokemahjong.com/?sca_ref=10217561.eoZg0pKJHSf8IQSE
/bird-and-bamboo-discount-code	https://birdandbamboo.com/?sca_ref=10077785.SRjgzyw39OU7C
/britt-mills-discount-code	https://brittmillsdesign.com/?sca_ref=11205153.24gc8ncLZw3
/charleston-mahjong-club-discount-code	https://www.charlestonmahjongclub.com/?sca_ref=10024640.r4MqWQJxOaKK
/hip-hip-mahjong-discount-code	https://www.hiphipmahjong.com/?sca_ref=10261850.duirHRGQQAhSk
/i-love-mahj-discount-code	https://www.ilovemahj.com/register?promo=MAHJMATCH
/lets-mahj-on-discount-code	https://www.letsmahj-on.com/?sca_ref=10109740.ghQfdBEeNOjBDfU
/mac-and-miller-mahjong-discount-code	https://www.macandmillermahjong.com/?sca_ref=10775646.JNvoySPoWn
/mahj-and-vine-discount-code	https://mahjandvine.com/?sca_ref=10366165.hDgHZlY4LYtU0W
/mahj-mood-discount-code	https://mahjmood.com/?ref=Mahjmatchmaker
/mahj-squad-discount-code	https://mahjsquadshop.com/?sca_ref=10052906.XDwa4jbiSEml
/mahjong-co-discount-code	https://mahjongco.com?sca_ref=10562574.vUD4JwHzITqzZp4
/mahjong-row-and-co-discount-code	https://mahjongrowandco.com/?sca_ref=12475363.JLitn0fWe79Xnn
/mahjong-studios-discount-code	https://mahjongstudios.com/?sca_ref=12467641.8yVWDaf4jf
/middle-and-main-mahjong-discount-code	https://www.middleandmainmahjong.com/?sca_ref=10574197.BKiJ48vXYfYfD31E
/mini-mahjer-discount-code	https://minimahjer.com/?sca_ref=10080756.sEthzw6DMEH5JFUf
/miss-mahjong-discount-code	https://missmahjong.com/?ref=mahjmatch
/my-fair-mahjong-discount-code	https://myfairmahjong.com/products/acrylic-mahjong-racks?variant=53075465339191&amp;sca_ref=10090290.TW8PinT201
/oh-my-mahjong-discount-code	https://www.ohmymahjong.com/
/peace-love-mahjong-discount-code	https://peacelovemahjong.com/?ref=Mahjmatch
/splash-of-color-discount-code	https://splashofcolorco.com/?sca_ref=10059443.c9rDRhYNIB31oxJN
/the-mahjong-press-discount-code	https://themahjongpress.com/?ref=TIFFANYBEMERY
/tigre-de-tartan-discount-code	https://tigredetartan.com/?sca_ref=11798386.tvil8GTGTp6s2
/virora-mahjong-discount-code	https://www.viroramahjong.com/?ref=Mahjmatchmaker
/wren-mats-discount-code	https://www.wrenmats.com/
/yellow-mountain-imports-discount-code	https://www.ymimports.com/?ref=ofpphcus
